feature,length_be,length_max,length_min
Fence,31.897804973771343,41.3850057211084,23.314705183268938
Hedges,30.544638464642446,40.51362839880824,20.907970305512716
Line of Trees + Fence,5.256786561199277,7.941451226859913,2.8016295485575617
Wall,6.570375160992543,12.569634457102742,2.0865739128512124
