feature,ag_type,length_be,length_max,length_min
Fence,Arable,32.83875611676515,41.74756434303486,24.68213089617031
Fence,Grass,32.45136305126599,41.92946726450951,23.800615816842193
Hedges,Arable,31.09088774766512,40.293587836930556,22.026688421420662
Hedges,Grass,31.403893721129265,41.94771778610112,21.192173844513853
Line of Trees + Fence,Arable,4.592482617731982,6.858039814465278,2.6033639358088374
Line of Trees + Fence,Grass,5.780161406506863,8.685312616226096,3.108395654716723
Wall,Arable,6.173981167837308,11.161697670287673,2.420948296708045
Wall,Grass,6.5887148176261325,12.717571795754543,2.0379749110632726
